"date","shours_u","shours_a","qhours_u","qhours_a"
1979-01-01,12619432093.6923,12920654005.6697,28900346506.5836,29438751233.4551
1979-02-01,12696084286.2394,12948596971.9374,29270887140.1917,29500325510.6322
1979-03-01,12823325653.4322,12976539938.2051,29475280425.6978,29561899787.8094
1979-04-01,12880928021.7415,13001724018.2144,29431014180.6889,29619262776.7708
1979-05-01,12997504773.4647,13026908098.2238,29472899509.3168,29676625765.7323
1979-06-01,13284209330.5372,13048993100.4186,29927451681.5017,29729098402.9047
1979-07-01,13385282811.6086,13071078102.6134,30040740942.8001,29781571040.0771
1979-08-01,13403221173.5922,13092068466.67,30049583169.4932,29833063877.4217
1979-09-01,13170410346.7802,13113058830.7265,30010622426.34,29884556714.7663
1979-10-01,13177708413.9201,13122093163.0246,30349129216.6732,29917408086.1001
1979-11-01,13094223561.3895,13131127495.3228,30030479800.7421,29950259457.4339
1979-12-01,13036476163.286,13115964449.3758,29880765698.7229,29946378071.8353
1980-01-01,12799579491.4514,13100801403.4288,29404091959.3651,29942496686.2366
1980-02-01,12826937925.7794,13079450611.4774,29698947815.1234,29928386185.5639
1980-03-01,12904885534.753,13058099819.526,29827656322.7797,29914275684.8913
1980-04-01,12918486665.0652,13039282661.5381,29714194237.9073,29902442833.9892
1980-05-01,12991062178.7912,13020465503.5503,29686883726.6717,29890609983.0872
1980-06-01,13242433946.9263,13007217716.8077,30093616144.2297,29895262865.6327
1980-07-01,13308174639.0602,12993969930.0651,30159085650.9013,29899915748.1783
1980-08-01,13302764663.2711,12991611956.3488,30151183812.2993,29934664520.2278
1980-09-01,13046605498.6861,12989253982.6324,30095479003.851,29969413292.2773
1980-10-01,13055323488.5366,12999708237.6411,30459983649.7606,30028262519.1875
1980-11-01,12973258558.7164,13010162492.6497,30167332089.4059,30087111746.0977
1980-12-01,12951087104.3234,13030575390.4132,30098986542.6985,30164598915.8109
1981-01-01,12749766376.1992,13050988288.1767,29703681358.6526,30242086085.5241
1981-02-01,12820999923.8069,13073512609.505,30097032857.6871,30326471228.1276
1981-03-01,12942822646.0603,13096036930.8333,30324237008.6196,30410856370.7312
1981-04-01,12991633624.2996,13112429620.7725,30300202840.2243,30488451436.3062
1981-05-01,13099418985.9526,13128822310.7117,30362320245.4656,30566046501.8811
1981-06-01,13366338005.9291,13131121775.8105,30816232545.178,30617879266.581
1981-07-01,13447625949.9043,13133421240.9092,30928881934.0039,30669712031.2809
1981-08-01,13432220711.1538,13121068004.2315,30912141219.1976,30695621927.1261
1981-09-01,13166066283.6075,13108714767.5538,30847597534.5451,30721531822.9714
1981-10-01,13138670319.8159,13083055068.9204,31160223975.1128,30728502844.5397
1981-11-01,13020491436.3537,13057395370.287,30815694209.4163,30735473866.108
1981-12-01,12945474981.9778,13024963268.0676,30678411781.4316,30744024154.544
1982-01-01,12691309253.8707,12992531165.8482,30214169716.1084,30752574442.9799
1982-02-01,12711638096.6037,12964150782.3017,30533989373.1294,30763427743.57
1982-03-01,12782556113.9823,12935770398.7552,30687661682.0484,30774281044.16
1982-04-01,12794148632.8232,12914944629.2961,30592766474.494,30781015070.5759
1982-05-01,12864715535.0779,12894118859.837,30584022840.5763,30787749096.9918
1982-06-01,13111591136.0108,12876374905.8922,30991962205.4007,30793608926.8038
1982-07-01,13172835660.9424,12858630951.9473,31058638659.3387,30799468756.6157
1982-08-01,13151622138.9531,12840469432.0308,31020936690.9521,30804417398.8807
1982-09-01,12879659428.168,12822307912.1143,30935431752.7193,30809366041.1456
1982-10-01,12861129264.0292,12805514013.1336,31245949101.1277,30814227970.5547
1982-11-01,12751816180.2197,12788720114.153,30899310243.2719,30819089899.9637
1982-12-01,12707630442.9185,12787118729.0083,30792804664.991,30858417038.1034
1983-01-01,12484295431.8862,12785517343.8636,30359339449.3715,30897744176.243
1983-02-01,12554538001.8216,12807050687.5197,30767624674.9767,30997063045.4173
1983-03-01,12675369746.4027,12828584031.1757,31009762552.48,31096381914.5916
1983-04-01,12750499517.4969,12871295513.9698,31056186474.4142,31244435070.4961
1983-05-01,12884603672.0048,12914006996.7639,31188761969.9851,31392488226.4006
1983-06-01,13208874222.9398,12973657992.8212,31764114162.544,31565760883.9471
1983-07-01,13347513697.8736,13033308988.8785,31998203444.2166,31739033541.4936
1983-08-01,13413934797.1565,13102782090.2342,32141300575.5989,31924781283.5274
1983-09-01,13229606707.6436,13172255191.5899,32236594737.1349,32110529025.5612
1983-10-01,13295269683.6279,13239654432.7324,32717325868.1361,32285604737.563
1983-11-01,13270149739.9416,13307053673.8748,32540900792.873,32460680449.5648
1983-12-01,13291626016.4859,13371114302.5757,32564648409.0755,32630260782.1879
1984-01-01,13133953019.2991,13435174931.2766,32261436387.9396,32799841114.8111
1984-02-01,13244330074.1331,13496842759.8312,32742157680.0239,32971596050.4645
1984-03-01,13405296303.6128,13558510588.3858,33056731624.0063,33143350986.1179
1984-04-01,13497458465.9152,13618254462.3881,33127534830.9192,33315783427.0011
1984-05-01,13648595011.6314,13677998336.3905,33284489611.4687,33488215867.8842
1984-06-01,13968463857.515,13733247627.3964,33846786940.1046,33648433661.5077
1984-07-01,14102701627.3974,13788496918.4022,34067821357.8541,33808651455.1311
1984-08-01,14148961970.4759,13837809263.5536,34169135752.2835,33952616460.212
1984-09-01,13944473124.7587,13887121608.705,34222647176.8666,34096581465.293
1984-10-01,13981998638.1998,13926383387.3043,34651490550.1516,34219769419.5785
1984-11-01,13928741231.9704,13965645165.9037,34423177717.1723,34342957373.8641
1984-12-01,13918133306.5657,13997621592.6555,34389334047.8066,34454946420.919
1985-01-01,13728376107.4298,14029598019.4073,34028530741.1023,34566935467.9738
1985-02-01,13810793200.1227,14063305885.8208,34451357361.7517,34680795732.1923
1985-03-01,13943799467.4613,14097013752.2343,34708036634.2991,34794655996.4107
1985-04-01,14009387463.9508,14130183460.4238,34712175776.4439,34900424372.5258
1985-05-01,14133949843.8541,14163353168.6132,34802466492.2253,35006192748.6408
1985-06-01,14430124992.9102,14194908762.7916,35309136167.6192,35110782889.0223
1985-07-01,14540669065.9651,14226464356.97,35474542932.1267,35215373029.4037
1985-08-01,14567710204.9725,14256557498.0502,35537420246.8249,35320900954.7534
1985-09-01,14344002155.1841,14286650639.1304,35552494591.6767,35426428880.1031
1985-10-01,14367866957.606,14312251706.7105,35953093799.498,35521372668.925
1985-11-01,14300948840.3573,14337852774.2906,35696536801.0551,35616316457.7468
1985-12-01,14282264739.7902,14361753025.88,35648227484.9999,35713839858.1123
1986-01-01,14084431365.492,14385653277.4695,35272958531.6063,35811363258.4778
1986-02-01,14163693280.356,14416205966.0541,35695411468.3472,35924849838.7878
1986-03-01,14293544369.8657,14446758654.6387,35951717056.9862,36038336419.0978
1986-04-01,14358002424.7048,14478798421.1777,35969722842.484,36157971438.5659
1986-05-01,14481434862.9576,14510838187.7167,36073880201.6185,36277606458.034
1986-06-01,14775062281.3269,14539846051.2083,36587151050.6365,36388797772.0396
1986-07-01,14883058623.6949,14568853914.6998,36759158988.7682,36499989086.0452
1986-08-01,14907990111.9502,14596837405.0279,36824781160.0666,36608261867.9951
1986-09-01,14682172411.4097,14624820895.356,36842600361.5187,36716534649.945
1986-10-01,14709397143.1411,14653781892.2456,37252627549.784,36820906419.211
1986-11-01,14645838955.2018,14682742889.1351,37005498531.7852,36925278188.477
1986-12-01,14635189113.2215,14714677399.3113,36963551094.2199,37029163467.3323
1987-01-01,14445389997.51,14746611909.4875,36594644019.3161,37133048746.1876
1987-02-01,14533975260.6691,14786487946.3671,37025762657.9659,37255201028.4065
1987-03-01,14673149698.4738,14826363983.2468,37290733948.5138,37377353310.6254
1987-04-01,14749999618.7359,14870795615.2088,37329386758.7923,37517635354.8742
1987-05-01,14885823922.4118,14915227247.1709,37454191142.7075,37657917399.123
1987-06-01,15194515829.0138,14959299598.8952,37992154843.6182,37793801565.0213
1987-07-01,15317576659.6146,15003371950.6195,38188855633.6426,37929685730.9196
1987-08-01,15353634938.6793,15042482231.757,38258043075.047,38041523782.9756
1987-09-01,15138944028.9482,15081592512.8946,38279427546.6052,38153361835.0315
1987-10-01,15168267475.6485,15112652224.753,38675002206.1461,38243281075.5731
1987-11-01,15106808002.6781,15143711936.6114,38413420659.4228,38333200316.1146
1987-12-01,15090644375.7205,15170132661.8102,38354552261.4138,38420164634.5262
1988-01-01,14895331475.0317,15196553387.0091,37968724226.0662,38507128952.9377
1988-02-01,14972306127.8317,15224818813.5298,38368477198.626,38597915569.0665
1988-03-01,15099869955.2774,15253084240.0504,38602082823.0838,38688702185.1954
1988-04-01,15160908751.7022,15281704748.1752,38589196373.0896,38777444969.1715
1988-05-01,15280921931.5408,15310325256.2999,38662461496.7321,38866187753.1476
1988-06-01,15574925704.4642,15339709474.3455,39150797624.0824,38952444345.4854
1988-07-01,15683298401.3862,15369093692.3911,39297870840.5462,39038700937.8232
1988-08-01,15708552934.2489,15397400227.3267,39336529617.8207,39120010325.7492
1988-09-01,15483058278.3159,15425706762.2622,39327385425.2489,39201319713.6752
1988-10-01,15504642914.982,15449027664.0865,39706844451.0358,39275123320.4627
1988-11-01,15435444631.9775,15472348565.9108,39429147270.5585,39348926927.2503
1988-12-01,15421244210.1232,15500732496.213,39373144902.0023,39438757275.1147
1989-01-01,15227894514.5377,15529116426.5151,38990182896.1076,39528587622.9791
1989-02-01,15310703101.6107,15563215787.3088,39400799269.2381,39630237639.6787
1989-03-01,15444100863.3294,15597315148.1024,39645268294.2667,39731887656.3783
1989-04-01,15509455483.7476,15630251480.2205,39641340856.1786,39829589452.2604
1989-05-01,15633784487.5796,15663187812.3387,39723564991.7271,39927291248.1426
1989-06-01,15928243385.1018,15693027154.9832,40229390804.7766,40031037526.1796
1989-07-01,16037071206.6228,15722866497.6277,40393953706.9396,40134783804.2166
1989-08-01,16065480604.4924,15754327897.5702,40464525279.6782,40248005987.6067
1989-09-01,15843140813.5663,15785789297.5126,40487293882.5705,40361228170.9968
1989-10-01,15865454853.2141,15809839602.3186,40879144625.722,40447423495.1489
1989-11-01,15796985973.1914,15833889907.1247,40613839162.6092,40533618819.301
1989-12-01,15770067967.8401,15849556253.9299,40523869980.9503,40589482354.0627
1990-01-01,15564000688.7577,15865222600.7352,40106941161.9528,40645345888.8243
1990-02-01,15630574660.2356,15883087345.9336,40470550017.4578,40699988387.8983
1990-03-01,15747737806.3591,15900952091.1321,40668011524.8607,40754630886.9724
1990-04-01,15793817900.7664,15914613897.2394,40616780287.7081,40805028883.7899
1990-05-01,15898872378.5876,15928275703.3467,40651700624.192,40855426880.6075
1990-06-01,16157574426.7736,15922358196.6549,41067335888.9741,40868982610.3772
1990-07-01,16230645398.9583,15916440689.9632,41141708242.8698,40882538340.1468
1990-08-01,16203544045.2283,15892391338.306,41074921717.5644,40858402425.4929
1990-09-01,15925693502.7025,15868341986.6489,40960332222.4127,40834266510.839
1990-10-01,15892943110.8816,15837327859.9861,41224940726.2895,40793219595.7165
1990-11-01,15769409799.3901,15806313733.3233,40832393023.9022,40752172680.594
1990-12-01,15690979454.9763,15770467741.0661,40644449700.6752,40710062073.7876
1991-01-01,15433399836.8314,15734621748.8089,40129546740.1098,40667951466.9813
1991-02-01,15449084456.1349,15701597141.8329,40404509159.6942,40633947530.1348
1991-03-01,15515358250.084,15668572534.8569,40513324231.1767,40599943593.2883
1991-04-01,15524604227.5525,15645400224.0254,40389800660.0518,40578049256.1337
1991-05-01,15592824588.4348,15622227913.1939,40352428662.5636,40556154918.9791
1991-06-01,15844769197.9813,15609552967.8627,40738679097.7944,40540325819.1974
1991-07-01,15911082731.5265,15596878022.5314,40783666622.1388,40524496719.4158
1991-08-01,15906634667.0912,15595481960.169,40742343602.7882,40525824310.7167
1991-09-01,15651437413.8602,15594085897.8065,40653217613.5914,40527151902.0177
1991-10-01,15656482223.9094,15600866973.0139,40968362675.3519,40536641544.7788
1991-11-01,15570744114.288,15607648048.2212,40626351530.8482,40546131187.54
1991-12-01,15543192385.6835,15622680671.7733,40506734137.5965,40572346510.7088
1992-01-01,15336491383.3479,15637713295.3254,40060157107.0063,40598561833.8777
1992-02-01,15404049635.4876,15656562321.1857,40405671015.7766,40635109386.2171
1992-03-01,15522197062.273,15675411347.046,40585037576.4449,40671656938.5565
1992-04-01,15570738528.9259,15691534525.3988,40527769178.1098,40716017774.1916
1992-05-01,15678254378.9926,15707657703.7517,40556652353.4113,40760378609.8268
1992-06-01,15951476613.0613,15716260382.9427,41000344853.3851,40801991574.7882
1992-07-01,16039067771.1288,15724863062.1337,41102774442.4726,40843604539.7496
1992-08-01,16036036045.9078,15724883338.9855,41100103965.7695,40883584673.698
1992-09-01,15782255131.891,15724903615.8373,41049630519.2201,40923564807.6464
1992-10-01,15776512416.1219,15720897165.2263,41388940992.883,40957219862.3099
1992-11-01,15679986780.6821,15716890714.6154,41071095260.2816,40990874916.9734
1992-12-01,15650016103.2229,15729504389.3127,41000144568.0604,41065756941.1728
1993-01-01,15440896152.0325,15742118064.0099,40602234238.5008,41140638965.3723
1993-02-01,15521775424.327,15774288110.025,41026295335.1143,41255733705.5549
1993-03-01,15653243871.2671,15806458156.0401,41284209083.6259,41370828445.7375
1993-04-01,15727915524.2264,15848711520.6993,41320816360.898,41509064956.9799
1993-05-01,15861561560.5995,15890964885.3586,41443575211.8069,41647301468.2224
1993-06-01,16172801479.1445,15937585249.0259,41997880613.3839,41799527334.787
1993-07-01,16298410321.6883,15984205612.6932,42210923104.0746,41951753201.3516
1993-08-01,16340725264.3815,16029572557.4593,42319787448.4209,42103268156.3494
1993-09-01,16132291018.279,16074939502.2253,42380848822.921,42254783111.3473
1993-10-01,16164686317.5749,16109071066.6794,42804272953.0295,42372551822.4564
1993-11-01,16106298697.2001,16143202631.1334,42570540876.8738,42490320533.5656
1993-12-01,16084371349.0721,16163859635.1619,42510018642.8147,42575631015.9271
1994-01-01,15883294727.2129,16184516639.1903,42122536771.4172,42660941498.2887
1994-02-01,15958346137.8067,16210858823.5047,42520427373.9653,42749865744.4058
1994-03-01,16083986723.0462,16237201007.8192,42752170628.4113,42838789990.5229
1994-04-01,16160055631.6109,16280851628.0838,42759118333.9701,42947366930.052
1994-05-01,16295098923.5894,16324502248.3485,42852217613.1655,43055943869.581
1994-06-01,16608945609.1474,16373729379.0288,43357795043.1798,43159441764.5828
1994-07-01,16737161218.7042,16422956509.7091,43522109562.3077,43262939659.5847
1994-08-01,16783834659.3165,16472681952.3942,43595675414.0145,43379156121.943
1994-09-01,16579758911.133,16522407395.0793,43621438295.8751,43495372584.3014
1994-10-01,16624175909.0431,16568560658.1476,44055596735.0854,43623875604.5123
1994-11-01,16577809987.2825,16614713921.2158,43832598968.0315,43752378624.7233
1994-12-01,16568851522.2901,16648339808.3799,43783858465.8986,43849470839.011
1995-01-01,16380743783.5665,16681965695.5439,43408158326.4273,43946563053.2988
1995-02-01,16445246303.6557,16697758989.3537,43780762001.3354,44010200371.776
1995-03-01,16560337998.3906,16713552283.1635,43987218328.1416,44073837690.2532
1995-04-01,16594492428.4748,16715288424.9477,43925106418.3652,44113355014.4471
1995-05-01,16687621241.9727,16717024566.7318,43949146082.2255,44152872338.641
1995-06-01,16950995139.0736,16715778908.955,44381261730.987,44182908452.3901
1995-07-01,17028737960.1732,16714533251.1781,44472114468.8622,44212944566.1392
1995-08-01,17027257629.608,16716104922.6857,44454082827.359,44237563535.2875
1995-09-01,16775028110.247,16717676594.1933,44388248216.0095,44262182504.4359
1995-10-01,16784028377.9137,16728413127.0182,44733755090.7663,44302033960.1932
1995-11-01,16702245725.9098,16739149659.843,44422105759.2587,44341885415.9505
1995-12-01,16677140206.882,16756628492.9718,44331226364.0079,44396838737.1203
1996-01-01,16472885414.1231,16774107326.1005,43913387331.4187,44451792058.2901
1996-02-01,16539702152.8022,16792214838.5002,44272806363.6685,44502244734.1091
1996-03-01,16657108066.1269,16810322350.8999,44466078047.8164,44552697409.928
1996-04-01,16706550346.8776,16827346343.3505,44409951359.0092,44598199955.0911
1996-05-01,16814967011.042,16844370335.8011,44439976243.8387,44643702500.2542
1996-06-01,17099592907.8286,16864376677.7099,44897522775.8739,44699169497.2769
1996-07-01,17198587728.614,16884383019.6188,45013806397.0226,44754636494.2996
1996-08-01,17220535013.1919,16909382306.2696,45040348648.8199,44823829356.7484
1996-09-01,16991733108.974,16934381592.9203,45019087930.7708,44893022219.1972
1996-10-01,17019495506.014,16963880255.1185,45409203925.5842,44977482795.0111
1996-11-01,16956474983.3833,16993378917.3166,45142163714.1333,45061943370.8251
1996-12-01,16950494336.758,17029982622.8478,45098820043.8899,45164432417.0023
1997-01-01,16765364416.4016,17066586328.379,44728516736.3079,45266921463.1794
1997-02-01,16856746661.613,17109259347.311,45156448121.6675,45385886492.1081
1997-03-01,16998718081.47,17151932366.243,45418232158.9252,45504851521.0368
1997-04-01,17074922236.0744,17195718232.5474,45438565040.7823,45626813636.8642
1997-05-01,17210100774.0927,17239504098.8518,45545049496.2761,45748775752.6916
1997-06-01,17514280588.2363,17279064358.1177,46069807718.9004,45871454440.3035
1997-07-01,17632829326.3787,17318624617.3835,46253303030.6384,45994133127.9154
1997-08-01,17665104021.3239,17353951314.4016,46333363315.5285,46116844023.457
1997-09-01,17446629527.4733,17389278011.4197,46365620630.5724,46239554918.9987
1997-10-01,17477851611.0734,17422236360.1779,46789935337.7294,46358214207.1563
1997-11-01,17418290775.0029,17455194708.9362,46557093838.6221,46476873495.3139
1997-12-01,17406590217.7996,17486078503.8894,46518454158.696,46584066531.8084
1998-01-01,17215740386.8653,17516962298.8427,46152854841.4315,46691259568.303
1998-02-01,17291909202.4032,17544421888.1012,46564217501.6516,46793655872.0922
1998-03-01,17418667192.5868,17571881477.3597,46809432813.7697,46896052175.8813
1998-04-01,17478869950.6906,17599665947.1636,46817677821.1434,47005926417.2253
1998-05-01,17598047092.2083,17627450416.9674,46912074402.1538,47115800658.5693
1998-06-01,17893711574.9077,17658495344.789,47427239145.488,47228885866.8911
1998-07-01,18003744981.6058,17689540272.6107,47601140977.9359,47341971075.2129
1998-08-01,18033960208.9427,17722807502.0205,47669078234.6289,47452558942.5574
1998-09-01,17813426247.4839,17756074731.4302,47689212521.4757,47563146809.902
1998-10-01,17846450230.6659,17790834979.7704,48126393176.2939,47694672045.7208
1998-11-01,17788691294.1773,17825595228.1105,47906417624.8479,47826197281.5396
1998-12-01,17776891380.6873,17856379666.7771,47884558710.7191,47950171083.8315
1999-01-01,17585942193.4661,17887164105.4436,47535740159.2519,48074144886.1234
1999-02-01,17659221488.3285,17911734174.0265,47938246821.5074,48167685191.9479
1999-03-01,17783089957.8365,17936304242.6095,48174606135.6608,48261225497.7724
1999-04-01,17838447351.0551,17959243347.528,48148889068.4867,48337137664.5686
1999-05-01,17952779127.6875,17982182452.4466,48209323574.9492,48413049831.3647
1999-06-01,18249391522.1825,18014175292.0639,48706352850.1741,48507999571.5772
1999-07-01,18360372840.6763,18046168131.6812,48862119214.5127,48602949311.7897
1999-08-01,18405420316.2934,18094267609.3711,48951246934.9061,48734727642.8346
1999-09-01,18199718603.1148,18142367087.0611,48992571685.4532,48866505973.8796
1999-10-01,18258557532.181,18202942281.2854,49450880313.382,49019159182.809
1999-11-01,18226613541.5765,18263517475.5097,49252032735.0466,49171812391.7384
1999-12-01,18245827177.6526,18325315463.7424,49272155634.2706,49337768007.383
2000-01-01,18085891539.9977,18387113451.9751,48965318896.1562,49503723623.0277
2000-02-01,18185479230.5054,18437991916.2035,49426604652.6933,49656043023.1339
2000-03-01,18335656095.6588,18488870380.4318,49721743061.1285,49808362423.2401
2000-04-01,18405023705.1677,18525819701.6406,49733398631.3172,49921647227.3991
2000-05-01,18533365698.0904,18562769022.8495,49831205775.1426,50034932031.5581
2000-06-01,18817762868.2244,18582546638.1058,50324771060.1003,50126417781.5033
2000-07-01,18916528962.3572,18602324253.3621,50477073434.1715,50217903531.4485
2000-08-01,18920961217.5084,18609808510.5862,50513155796.8662,50296636504.7947
2000-09-01,18674644283.8639,18617292767.8103,50501435189.7146,50375369478.1409
2000-10-01,18676473258.9504,18620858008.0548,50870846754.725,50439125624.1519
2000-11-01,18587519314.3662,18624423248.2994,50583102113.4711,50502881770.1629
2000-12-01,18544985433.9139,18624473720.0037,50465939181.2754,50531551554.3878
2001-01-01,18323302279.7305,18624524191.7079,50021816611.7413,50560221338.6128
2001-02-01,18361651500.7751,18614164186.4731,50328683967.2999,50558122337.7404
2001-03-01,18450589896.4653,18603804181.2383,50469403974.7565,50556023336.8681
2001-04-01,18458712318.0574,18579508314.5303,50338870536.0992,50527119132.1811
2001-05-01,18525809123.0632,18555212447.8223,50294488671.0787,50498214927.4942
2001-06-01,18759739802.6801,18524523572.5614,50649839047.2799,50451485768.683
2001-07-01,18808039406.2957,18493834697.3006,50663926512.5948,50404756609.8718
2001-08-01,18779780147.0058,18468627440.0835,50598305395.5192,50381786103.4477
2001-09-01,18500771698.9201,18443420182.8664,50484881308.5973,50358815597.0236
2001-10-01,18488477253.0012,18432862002.1057,50819445706.2023,50387724575.6292
2001-11-01,18385399887.4117,18422303821.3449,50496853897.5431,50416633554.2349
2001-12-01,18341033781.8211,18420522067.9109,50399949474.6656,50465561847.778
2002-01-01,18117518402.4994,18418740314.4769,49976085414.4496,50514490141.3211
2002-02-01,18167460009.1165,18419972694.8146,50330758037.0495,50560196407.49
2002-03-01,18267990790.3793,18421205075.1523,50519283311.5474,50605902673.659
2002-04-01,18300619667.7656,18421415664.2385,50435490285.513,50623738881.5949
2002-05-01,18392222928.5657,18421626253.3248,50437848833.1152,50641575089.5307
2002-06-01,18651150670.0554,18415934439.9368,50804398905.1403,50606045626.5434
2002-07-01,18724447335.5439,18410242626.5488,50829686066.279,50570516163.556
2002-08-01,18710245536.285,18399092829.3628,50726241045.182,50509721753.1105
2002-09-01,18445294548.2304,18387943032.1768,50574993054.2387,50448927342.665
2002-10-01,18433097387.3323,18377482136.4368,50838660841.1559,50406939710.5829
2002-11-01,18330117306.7635,18367021240.6968,50445172421.8089,50364952078.5007
2002-12-01,18278182363.0678,18357670649.1576,50275020347.5452,50340632720.6576
2003-01-01,18047098145.6409,18348320057.6183,49777908635.943,50316313362.8144
2003-02-01,18086365720.5222,18338878406.2202,50071850436.7286,50301288807.1692
2003-03-01,18176222470.0491,18329436754.8221,50199644889.4123,50286264251.5239
2003-04-01,18203388970.0551,18324184966.5281,50110993808.3319,50299242404.4138
2003-05-01,18289529853.4749,18318933178.234,50108494300.8882,50312220557.3037
2003-06-01,18561791112.7635,18326574882.6448,50562722309.7052,50364369031.1083
2003-07-01,18648421296.0508,18334216587.0557,50675687407.6358,50416517504.9128
2003-08-01,18660279566.9298,18349126860.0075,50685663383.2023,50469144091.1308
2003-09-01,18421388649.0131,18364037132.9594,50647836388.9224,50521770677.3487
2003-10-01,18439476862.6586,18383861611.7631,51009098462.07,50577377331.4969
2003-11-01,18366782156.6336,18403686090.5668,50713204328.9533,50632983985.6451
2003-12-01,18340614312.4837,18420102598.5735,50623735274.8444,50689347647.9567
2004-01-01,18135297194.6027,18436519106.5802,50207306583.3969,50745711310.2684
2004-02-01,18193073311.5513,18445585997.2493,50556934531.6586,50786372902.0992
2004-03-01,18301438603.1455,18454652887.9185,50740415131.8183,50827034493.9299
2004-04-01,18341301806.0044,18462097802.4773,50676032553.279,50864281149.3609
2004-05-01,18440139392.277,18469542717.0361,50697801548.3763,50901527804.7918
2004-06-01,18715611171.9942,18480394941.8755,51155947042.0377,50957593763.4408
2004-07-01,18805451875.7101,18491247166.715,51272829624.8127,51013659722.0897
2004-08-01,18814740212.0111,18503587505.0888,51290368770.3714,51073849478.2999
2004-09-01,18573279359.5163,18515927843.4626,51260104946.0838,51134039234.5102
2004-10-01,18592161395.7677,18536546144.8722,51630755085.4134,51199033954.8404
2004-11-01,18520260512.3485,18557164446.2818,51344249018.4788,51264028675.1706
2004-12-01,18513677339.0764,18593165625.1662,51288818168.4516,51354430541.564
2005-01-01,18327944892.0732,18629166804.0507,50906427681.0859,51444832407.9574
2005-02-01,18418991874.3473,18671504560.0453,51333117392.5117,51562555762.9522
2005-03-01,18560628031.2671,18713842316.04,51593659755.8354,51680279117.947
2005-04-01,18633684717.3467,18754480713.8196,51611211228.1082,51799459824.1901
2005-05-01,18765715786.8401,18795119111.5992,51714914274.0176,51918640530.4331
2005-06-01,19070042883.7924,18834826653.6738,52223878690.6051,52025525412.0082
2005-07-01,19188738904.7434,18874534195.7483,52391580196.3062,52132410293.5832
2005-08-01,19233203496.7085,18922050789.7863,52477206834.7805,52260687542.709
2005-09-01,19026918899.8779,18969567383.8242,52515030503.4085,52388964791.8349
2005-10-01,19076972831.8682,19021357580.9727,52970833363.9624,52539112233.3893
2005-11-01,19036243844.1879,19073147778.1211,52769480018.252,52689259674.9437
2005-12-01,19040567099.7326,19120055385.8224,52756347795.2561,52821960168.3685
2006-01-01,18865741081.5462,19166962993.5236,52416255934.9217,52954660661.7932
2006-02-01,18954770646.7734,19207283332.4715,52843956151.5414,53073394521.9819
2006-03-01,19094389386.6464,19247603671.4193,53105509020.0591,53192128382.1707
2006-04-01,19165777331.8689,19286573328.3418,53130830810.4941,53319079406.576
2006-05-01,19296139660.5051,19325542985.2642,53242304174.5658,53446030430.9813
2006-06-01,19601652319.4229,19366436089.3043,53802887543.4944,53604534264.8975
2006-07-01,19721533902.3395,19407329193.3444,54022208001.5367,53763038098.8137
2006-08-01,19758914809.4814,19447762102.5592,54137894784.2335,53921375492.1621
2006-09-01,19545546527.8276,19488195011.774,54205778597.0841,54079712885.5105
2006-10-01,19577926218.1324,19522310967.2369,54644936504.0425,54213215373.4694
2006-11-01,19519522988.7666,19556426922.6999,54426938204.7366,54346717861.4283
2006-12-01,19502889604.6276,19582377890.7174,54392567331.4043,54458179704.5167
2007-01-01,19307106946.7574,19608328858.7349,54031236820.7336,54569641547.6051
2007-02-01,19370843498.4988,19623356184.1968,54429878296.2818,54659316666.7224
2007-03-01,19485169224.8858,19638383509.6588,54662372423.7281,54748991785.8397
2007-04-01,19523860291.7218,19644656288.1947,54606538703.1135,54794787299.1954
2007-05-01,19621525741.9716,19650929066.7307,54636856556.1356,54840582812.5511
2007-06-01,19889799089.7301,19654582859.6115,55062913236.6976,54864559958.1007
2007-07-01,19972441361.4874,19658236652.4923,55147707006.3733,54888537103.6503
2007-08-01,19972113669.8255,19660960962.9032,55140433700.4788,54923914408.4073
2007-09-01,19721036789.3678,19663685273.3142,55085357424.7381,54959291713.1644
2007-10-01,19723728262.5965,19668113011.701,55456628150.397,55024907019.8239
2007-11-01,19635636816.1546,19672540750.0879,55170742669.7916,55090522326.4834
2007-12-01,19592232122.7695,19671720408.8593,55075039454.4978,55140651827.6102
2008-01-01,19369678155.6532,19670900067.6306,54652376601.8656,55190781328.7371
2008-02-01,19408812260.7726,19661324946.4706,54997320727.8351,55226759098.2757
2008-03-01,19498535540.5377,19651749825.3106,55176117505.7027,55262736867.8143
2008-04-01,19511187533.0401,19631983529.513,55100768429.1047,55289017025.1866
2008-05-01,19582813908.9563,19612217233.7154,55111570926.1434,55315297182.5589
2008-06-01,19809929016.2951,19574712786.1765,55489798636.4752,55291445357.8783
2008-07-01,19851413047.6327,19537208338.6376,55526763435.9207,55267593533.1977
2008-08-01,19784055514.9533,19472902808.031,55375523273.0169,55159003980.9454
2008-09-01,19465948793.4782,19408597277.4245,55176480140.2668,55050414428.6931
2008-10-01,19381392383.7856,19325777132.8901,55310209143.9219,54878488013.3489
2008-11-01,19206053054.4224,19242956988.3557,54786781941.3128,54706561598.0046
2008-12-01,19069836125.4621,19149324411.5519,54436190935.8668,54501803308.9792
2009-01-01,18754469922.7706,19055691834.7481,53758640293.0824,54297045019.9539
2009-02-01,18702861416.7803,18955374102.4784,53850511869.6423,54079950240.0828
2009-03-01,18701842085.4356,18855056370.2086,53776236098.1002,53862855460.2118
2009-04-01,18640170746.1954,18760966742.6683,53466029836.544,53654278432.6259
2009-05-01,18637473790.3689,18666877115.128,53241975148.6245,53445701405.04
2009-06-01,18833428453.2735,18598212223.1549,53485087080.6309,53286733802.0339
2009-07-01,18843752040.1769,18529547331.1818,53386936101.7509,53127766199.0279
2009-08-01,18803098552.1135,18491945845.1912,53250717610.2149,53034198318.1434
2009-09-01,18511695875.2543,18454344359.2006,53066696148.8326,52940630437.2589
2009-10-01,18499601510.851,18443986259.9555,53349930994.7573,52918209864.1842
2009-11-01,18396724226.7771,18433628160.7104,52976009634.4177,52895789291.1095
2009-12-01,18358708085.6693,18438196371.7591,52847209758.1098,52912822131.2222
2010-01-01,18141542670.8304,18442764582.8079,52391450244.4634,52929854971.3348
2010-02-01,18205451347.827,18457964033.525,52757919742.4497,52987358112.8903
2010-03-01,18319949199.4691,18473163484.2421,52958241892.3341,53044861254.4457
2010-04-01,18373552957.7383,18494348954.2112,52970280365.0918,53158528961.1736
2010-05-01,18486131099.4212,18515534424.1803,53068470411.4861,53272196667.9016
2010-06-01,18770004309.0227,18534788078.9041,53587497259.5707,53389143980.9738
2010-07-01,18868246442.623,18554041733.6279,53765261196.769,53506091294.046
2010-08-01,18881936771.9644,18570784065.0421,53805814478.8875,53589295186.816
2010-09-01,18644877912.5101,18587526396.4564,53798564791.1597,53672499079.5861
2010-10-01,18659994109.0537,18604378858.1582,54171054335.7909,53739333205.2178
2010-11-01,18584327385.9267,18621231319.86,53886387674.1578,53806167330.8495
2010-12-01,18556667753.7001,18636156039.7898,53784509165.7144,53850121538.8268
2011-01-01,18349858847.7422,18651080759.7197,53355671019.9326,53894075746.8041
2011-02-01,18413386792.018,18665899477.716,53685911644.472,53915350014.9126
2011-03-01,18527503910.9394,18680718195.7124,53850004920.9094,53936624283.021
2011-04-01,18580818377.5208,18701614373.9937,53779785418.8244,53968034014.9063
2011-05-01,18693107227.5159,18722510552.275,53795717490.376,53999443746.7915
2011-06-01,18988084156.2587,18752867926.14,54285263641.7473,54086910363.1503
2011-07-01,19097430009.0002,18783225300.0051,54433546882.2321,54174376979.5091
2011-08-01,19129461444.6795,18818308737.7572,54527170142.8846,54310650850.8132
2011-09-01,18910743691.563,18853392175.5093,54572990433.6908,54446924722.1172
2011-10-01,18943744425.6558,18888129174.7603,55034252486.5676,54602531355.9945
2011-11-01,18885962240.0779,18922866174.0112,54838358333.1801,54758137989.8719
2011-12-01,18872959721.2541,18952448007.3439,54851011804.0647,54916624177.1771
2012-01-01,18680807928.6991,18982029840.6766,54536705637.6108,55075110364.4823
2012-02-01,18748035094.1354,19000547779.8334,54978896055.1921,55208334425.6327
2012-03-01,18865851434.2173,19019065718.9903,55254939124.6714,55341558486.783
2012-04-01,18916482905.2882,19037278901.7612,55270972492.1346,55459221088.2165
2012-05-01,19026088759.773,19055492084.5321,55373157433.2344,55576883689.6499
2012-06-01,19313209196.1019,19077992965.9833,55878326665.9749,55679973387.378
2012-07-01,19414698556.4297,19100493847.4346,56042232987.829,55783063085.106
2012-08-01,19437554418.7203,19126401711.7981,56085512542.9291,55868993250.8576
2012-09-01,19209661092.2152,19152309576.1616,56080989128.1828,55954923416.6091
2012-10-01,19242964409.2406,19187349158.3451,56491579130.5449,56059857999.9718
2012-11-01,19185484806.5953,19222388740.5286,56245012926.6427,56164792583.3345
2012-12-01,19184078816.9616,19263567103.0514,56224600103.6231,56290212476.7355
2013-01-01,19003523553.5967,19304745465.5741,55877227643.2651,56415632370.1366
2013-02-01,19084471451.5754,19336984137.2734,56284068591.3809,56513506961.8214
2013-03-01,19216008524.1997,19369222808.9727,56524762191.3947,56611381553.5063
2013-04-01,19266913083.9309,19387709080.4038,56481647437.4932,56669896033.5751
2013-05-01,19376792027.0758,19406195351.8349,56524684257.2283,56728410513.6438
2013-06-01,19658455046.6992,19423238816.5806,56991949507.9263,56793596229.3294
2013-07-01,19754486990.3214,19440282281.3262,57117951847.7379,56858781945.0149
2013-08-01,19776285622.0174,19465132915.0951,57159940652.5175,56943421360.446
2013-09-01,19547335064.9176,19489983548.8639,57154126487.4508,57028060775.8771
2013-10-01,19577616587.7713,19522001336.8758,57542941105.157,57111219974.5839
2013-11-01,19517115190.9543,19554019124.8876,57274599516.599,57194379173.2907
2013-12-01,19512933348.1285,19592421634.2183,57231781536.9303,57297393910.0427
2014-01-01,19329602231.5715,19630824143.549,56862003919.9232,57400408646.7947
2014-02-01,19420848895.1048,19673361580.8029,57296766382.848,57526204753.2886
2014-03-01,19562684733.2838,19715899018.0568,57565381497.6708,57652000859.7825
2014-04-01,19642004085.293,19762800081.7659,57592384528.6274,57780633124.7093
2014-05-01,19780297820.7159,19809701145.475,57705539133.2206,57909265389.6361
2014-06-01,20091199089.752,19855982859.6334,58239958642.2023,58041605363.6053
2014-07-01,20216469282.7869,19902264573.7918,58433115240.2976,58173945337.5746
2014-08-01,20256052195.4726,19944899488.5503,58541847927.822,58325328635.7505
2014-09-01,20044885919.3624,19987534403.3088,58602777645.5001,58476711933.9264
2014-10-01,20081041121.6277,20025425870.7322,59047769021.1073,58616047890.5342
2014-11-01,20026413404.2224,20063317338.1557,58835604190.4502,58755383847.142
2014-12-01,20015860296.1721,20095348582.2619,58806075881.2266,58871688254.339
2015-01-01,19826157914.3906,20127379826.3681,58449587934.6646,58987992661.5361
2015-02-01,19903467651.4874,20155980337.1854,58877977150.5975,59107415521.0381
2015-03-01,20031366563.2299,20184580848.0028,59140219018.4285,59226838380.5401
2015-04-01,20091120071.5742,20211916068.0472,59170822211.572,59359070807.6539
2015-05-01,20209847963.3324,20239251288.0915,59287576978.3522,59491303234.7677
2015-06-01,20503096723.628,20267880493.5094,59797304130.1813,59598950851.5843
2015-07-01,20610714407.9224,20296509698.9273,59965768371.124,59706598468.401
2015-08-01,20641764559.9629,20330611853.0406,60024089563.0745,59807570271.0031
2015-09-01,20422065523.2076,20364714007.1539,60034607785.1788,59908542073.6051
2015-10-01,20463075449.1901,20407460198.2946,60468674281.0466,60036953150.4736
2015-11-01,20413302455.502,20450206389.4353,60245584570.6502,60165364227.342
2015-12-01,20413844163.4384,20493332449.5282,60221943920.3777,60287556293.4901
2016-01-01,20235236597.6436,20536458509.6211,59871343632.7667,60409748359.6382
2016-02-01,20319110167.6284,20571622853.3264,60266778613.5476,60496216983.9882
2016-03-01,20453572912.2589,20606787197.0318,60496066246.2266,60582685608.3382
2016-04-01,20512505993.6526,20633301990.1255,60462066610.5947,60650315206.6765
2016-05-01,20630413458.4602,20659816783.2193,60514218548.5994,60717944805.0149
2016-06-01,20918709222.3148,20683492992.1962,60992626300.3651,60794273021.7682
2016-07-01,21021373910.1682,20707169201.1731,61129771141.2445,60870601238.5215
2016-08-01,21042724723.177,20731572016.2547,61177014313.278,60960495021.2065
2016-09-01,20813326347.3901,20755974831.3364,61176454515.4653,61050388803.8916
2016-10-01,20842479044.6923,20786863793.7967,61580884133.2333,61149163002.6603
2016-11-01,20780848822.3238,20817752756.2571,61328157544.7372,61247937201.4289
2016-12-01,20772651724.0497,20852140010.1395,61288868796.1594,61354481169.2718
2017-01-01,20585305352.0444,20886527264.0219,60922620410.2431,61461025137.1146
2017-02-01,20660277671.3742,20912790357.0723,61305099938.0478,61534538308.4884
2017-03-01,20785839165.3496,20939053450.1226,61521432117.7506,61608051479.8622
2017-04-01,20841778820.3647,20962574816.8376,61475046023.3442,61663294619.4261
2017-05-01,20956692858.7935,20986096183.5526,61514811502.5745,61718537758.99
2017-06-01,21244851906.9351,21009635676.8165,61968456070.1075,61770102791.5105
2017-07-01,21347379879.0755,21033175170.0804,62080837726.754,61821667824.031
2017-08-01,21366320541.2067,21055167834.2844,62084417310.7062,61867898018.6347
2017-09-01,21134512014.5421,21077160498.4884,62040193924.8121,61914128213.2384
2017-10-01,21153292641.8432,21097677390.9477,62387758412.9469,61956037282.3739
2017-11-01,21081290349.4738,21118194283.407,62078166694.8175,61997946351.5093
